http://www.merdeka.com/politik/5-cibiran-pada-gita-wirjawan-mundur-gara-gara-konvensi-demokrat.html,"5 Cibiran pada Gita Wirjawan, mundur gara-gara konvensi Demokrat","Merdeka.com - Gita Wirjawan resmi mundur sebagai Menteri Perdagangan. Gita beralasan keikutsertaannya dalam konvensi capres Demokrat cukup menyita waktu sehingga tidak bisa fokus sebagai menteri. Untuk itu kata Gita, dirinya harus memilih salah satunya.

""Mengingat betapa pentingnya konvensi ini bagi kepentingan bangsa, saya sudah merasa selayaknya jika saya mencurahkan seluruh energi dan waktu untuk menyukseskan upaya mulia ini,"" katanya.

Gita merupakan salah satu dari 11 peserta Konvensi Calon Presiden dari Partai Demokrat . 

Langkah Gita Wirjawan menuai pro dan kontra. Ada yang memuji Gita karena dinilai profesional. Banyak juga yang mencibir. Gita dinilai lebih mementingkan ambisi politiknya daripada mengurusi masalah negara.

Apalagi Gita meninggalkan Kemendag saat berhembus kencang isu impor beras ilegal dari Vietnam. Tak elok benar meninggalkan kementerian dan tanggung jawab saat ini.

Berikut mereka yang mencibir Gita saat memilih mundur."
http://www.merdeka.com/politik/pdip-mundurnya-gita-harusnya-jadi-cermin-pejabat-lainnya.html,"PDIP: Mundurnya Gita harusnya jadi cermin pejabat lainnya","Merdeka.com - Sekretaris Jenderal (Sekjen) PDIP Tjahjo Kumolo memuji sikap mantan Menteri Perdagangan Gita Wirjawan dari jabatannya. Apalagi, keputusan tersebut dilakukan di saat dirinya tengah berkompetisi menjadi salah satu calon presiden dari Partai Demokrat.

""Saya kita sikap menteri Gita Wirjawan walau terlambat patut kita apresiasi, karena konsekuensi sebagai peserta konvensi capres suatu parpol yang tentunya harus banyak meninggalkan tugas utamanya sebagai pembantu presiden,"" ujar Tjahjo dalam keterangan persnya di Jakarta, Sabtu (2/1).

Menurutnya, mundurnya Gita merupakan bagian dari pertanggungjawabannya sebagai seorang peserta konvensi capres maupun menteri. Dibanding memaksakan diri merangkap jabatan, Tjahjo meyakini salah satu tugasnya pasti akan terbengkalai.

""Ini juga harusnya sebagai cermin calon lainnya yang merangkap pejabat tinggi negara,"" pungkasnya.

Gita secara resmi mengumumkan pengunduran dirinya sebagai menteri perdagangan. Niat mundurnya itu sudah diungkap kepada beberapa kalangan di Senayan City Golf, pagi tadi. Dia membantah melepas jabatan mendag karena kasus beras impor ilegal asal Vietnam yang baru-baru ini menghebohkan. Dia juga menampik isu bahwa Presiden Susilo Bambang Yudhoyono yang memintanya mundur.

Sampai Gita turun dari kursi menteri perdagangan, masalah-masalah di sektor perdagangan belum terselesaikan. Harga daging sapi masih di atas Rp 90.000 per kg, beras impor ilegal dari Vietnam belum jelas dalangnya, defisit neraca perdagangan masih sangat lebar, hingga derasnya barang-barang impor yang menguasai pasar dalam negeri."
http://www.merdeka.com/politik/survei-kapabilitas-capres-jokowi-pertama-mega-keenam.html,"PDIP: Mundurnya Gita harusnya jadi cermin pejabat lainnya","Merdeka.com - Sekretaris Jenderal (Sekjen) PDIP Tjahjo Kumolo memuji sikap mantan Menteri Perdagangan Gita Wirjawan dari jabatannya. Apalagi, keputusan tersebut dilakukan di saat dirinya tengah berkompetisi menjadi salah satu calon presiden dari Partai Demokrat.

""Saya kita sikap menteri Gita Wirjawan walau terlambat patut kita apresiasi, karena konsekuensi sebagai peserta konvensi capres suatu parpol yang tentunya harus banyak meninggalkan tugas utamanya sebagai pembantu presiden,"" ujar Tjahjo dalam keterangan persnya di Jakarta, Sabtu (2/1).

Menurutnya, mundurnya Gita merupakan bagian dari pertanggungjawabannya sebagai seorang peserta konvensi capres maupun menteri. Dibanding memaksakan diri merangkap jabatan, Tjahjo meyakini salah satu tugasnya pasti akan terbengkalai.

""Ini juga harusnya sebagai cermin calon lainnya yang merangkap pejabat tinggi negara,"" pungkasnya.

Gita secara resmi mengumumkan pengunduran dirinya sebagai menteri perdagangan. Niat mundurnya itu sudah diungkap kepada beberapa kalangan di Senayan City Golf, pagi tadi. Dia membantah melepas jabatan mendag karena kasus beras impor ilegal asal Vietnam yang baru-baru ini menghebohkan. Dia juga menampik isu bahwa Presiden Susilo Bambang Yudhoyono yang memintanya mundur.

Sampai Gita turun dari kursi menteri perdagangan, masalah-masalah di sektor perdagangan belum terselesaikan. Harga daging sapi masih di atas Rp 90.000 per kg, beras impor ilegal dari Vietnam belum jelas dalangnya, defisit neraca perdagangan masih sangat lebar, hingga derasnya barang-barang impor yang menguasai pasar dalam negeri."
http://www.merdeka.com/politik/jelang-pemilu-caleg-ramai-ramai-pesan-buku-yasin-dan-kartu-nama.html,"PDIP: Mundurnya Gita harusnya jadi cermin pejabat lainnya","Merdeka.com - Sekretaris Jenderal (Sekjen) PDIP Tjahjo Kumolo memuji sikap mantan Menteri Perdagangan Gita Wirjawan dari jabatannya. Apalagi, keputusan tersebut dilakukan di saat dirinya tengah berkompetisi menjadi salah satu calon presiden dari Partai Demokrat.

""Saya kita sikap menteri Gita Wirjawan walau terlambat patut kita apresiasi, karena konsekuensi sebagai peserta konvensi capres suatu parpol yang tentunya harus banyak meninggalkan tugas utamanya sebagai pembantu presiden,"" ujar Tjahjo dalam keterangan persnya di Jakarta, Sabtu (2/1).

Menurutnya, mundurnya Gita merupakan bagian dari pertanggungjawabannya sebagai seorang peserta konvensi capres maupun menteri. Dibanding memaksakan diri merangkap jabatan, Tjahjo meyakini salah satu tugasnya pasti akan terbengkalai.

""Ini juga harusnya sebagai cermin calon lainnya yang merangkap pejabat tinggi negara,"" pungkasnya.

Gita secara resmi mengumumkan pengunduran dirinya sebagai menteri perdagangan. Niat mundurnya itu sudah diungkap kepada beberapa kalangan di Senayan City Golf, pagi tadi. Dia membantah melepas jabatan mendag karena kasus beras impor ilegal asal Vietnam yang baru-baru ini menghebohkan. Dia juga menampik isu bahwa Presiden Susilo Bambang Yudhoyono yang memintanya mundur.

Sampai Gita turun dari kursi menteri perdagangan, masalah-masalah di sektor perdagangan belum terselesaikan. Harga daging sapi masih di atas Rp 90.000 per kg, beras impor ilegal dari Vietnam belum jelas dalangnya, defisit neraca perdagangan masih sangat lebar, hingga derasnya barang-barang impor yang menguasai pasar dalam negeri."
http://www.merdeka.com/politik/pimpinan-mpr-gita-sudah-tepat-mundur-dari-posisi-mendag.html,"PDIP: Mundurnya Gita harusnya jadi cermin pejabat lainnya","Merdeka.com - Sekretaris Jenderal (Sekjen) PDIP Tjahjo Kumolo memuji sikap mantan Menteri Perdagangan Gita Wirjawan dari jabatannya. Apalagi, keputusan tersebut dilakukan di saat dirinya tengah berkompetisi menjadi salah satu calon presiden dari Partai Demokrat.

""Saya kita sikap menteri Gita Wirjawan walau terlambat patut kita apresiasi, karena konsekuensi sebagai peserta konvensi capres suatu parpol yang tentunya harus banyak meninggalkan tugas utamanya sebagai pembantu presiden,"" ujar Tjahjo dalam keterangan persnya di Jakarta, Sabtu (2/1).

Menurutnya, mundurnya Gita merupakan bagian dari pertanggungjawabannya sebagai seorang peserta konvensi capres maupun menteri. Dibanding memaksakan diri merangkap jabatan, Tjahjo meyakini salah satu tugasnya pasti akan terbengkalai.

""Ini juga harusnya sebagai cermin calon lainnya yang merangkap pejabat tinggi negara,"" pungkasnya.

Gita secara resmi mengumumkan pengunduran dirinya sebagai menteri perdagangan. Niat mundurnya itu sudah diungkap kepada beberapa kalangan di Senayan City Golf, pagi tadi. Dia membantah melepas jabatan mendag karena kasus beras impor ilegal asal Vietnam yang baru-baru ini menghebohkan. Dia juga menampik isu bahwa Presiden Susilo Bambang Yudhoyono yang memintanya mundur.

Sampai Gita turun dari kursi menteri perdagangan, masalah-masalah di sektor perdagangan belum terselesaikan. Harga daging sapi masih di atas Rp 90.000 per kg, beras impor ilegal dari Vietnam belum jelas dalangnya, defisit neraca perdagangan masih sangat lebar, hingga derasnya barang-barang impor yang menguasai pasar dalam negeri."
http://www.merdeka.com/politik/tifatul-sebut-20-tahun-ke-depan-presiden-ri-masih-dari-jawa.html,"Tifatul sebut 20 tahun ke depan Presiden RI masih dari Jawa","Merdeka.com - Majelis Syuro Partai Keadilan Sejahtera (PKS) menggelar rapat tertutup terkait penentuan mekanisme pencapresan dari partai yang dipimpin Anis Matta itu. Anggota Majelis Syuro PKS Tifatul Sembiring mengatakan, pemimpin Indonesia masih akan berasal dari Jawa.

""Kita realistis saja yah. 20 tahun ke depan mulai dari sekarang, presiden ini masih dari suku Jawa. Jadi Sembiring ini tahu diri saja lah,"" ucap Tifatul kepada wartawan di sela-sela rapat di DPP PKS, Jalan TB Simatupang No 82, Jakarta Selatan, Sabtu (1/2).

Ditanya apakah pernyataannya itu sinyal bahwa peluang dari lima kandidat pemenang pemilihan raya (pemira) PKS mengarah kepada Hidayat Nur Wahid dan Ahmad Heryawan?

""Belum mengarah ke sana. Ahmad Heryawan kan Sunda,"" jawabnya.

Menteri Komunikasi dan Informasi (Menkominfo) itu menyatakan keputusan pencapresan tetap bergantung kepada Majelis Syuro.

""Di PKS yang maju atau tidak maju itu keputusan Majelis Syuro. Ditarik, mundur. Kita tidak boleh memaju-majukan diri,"" tambahnya."
http://www.merdeka.com/politik/priyo-lebih-baik-negara-urusi-banjir-daripada-dana-saksi-partai.html,"Priyo: Lebih baik negara urusi banjir daripada dana saksi partai","Merdeka.com - Wakil Ketua DPR Priyo Budi Santoso menyarankan agar dana saksi partai pada Pemilu 2014 dibatalkan. Sebab, alokasi dana itu terus menuai polemik.

""Sekarang sudah menjadi polemik dan bakal mempunyai implikasi. Ini akan jadi batu sandungan yang bisa berakibat serius. Oleh karena itu saya menganjurkan agar dana tersebut dibatalkan. Agar terjadi suasana kondusif yang baik,"" kata Priyo di kediaman Habibie, Jakarta, Jumat (31/1).

Karena itu, Priyo menganjurkan agar dana itu digunakan untuk sesuatu yang lebih penting. ""Lebih baik negara mengatasi bencana alam banjir dan Sinabung dibanding saksi pemilu,"" sambung Priyo.

Tidak semua menolak alokasi untuk saksi partai. Dukungan justru datang dari Ketua Dewan Kehormatan Penyelenggara Pemilu (DKPP), Jimly Asshiddiqe.

""Kalau perlunya ya perlu saja karena mencegah kecurangan. Kalau tidak dibiayai negara hanya partai yang kaya saja (yang ada saksi),"" ujarnya.

Meski setuju, aturan alokasi dana ini harus ada aturan jelas. Jika tidak, maka akan menjadi biang masalah.

""Itu baik tapi manajemennya bermasalah tapi Bawaslu enggak siap. Kedua yang jadi masalah bagaimana mengelolanya. Bawaslu repot dan enggak ada yang siap. Jadi mereka masih belum jelas mengenai dasar hukumnya juga,"" ujar Jimly menanggapi."
http://www.merdeka.com/politik/punya-2-jabatan-aher-yakin-dipilih-jadi-capres-pks.html,"Punya 2 jabatan, Aher yakin dipilih jadi Capres PKS","Merdeka.com - Nama Gubernur Jawa Barat Ahmad Heryawan merupakan satu dari lima nama calon presiden (capres) yang diusung Partai Keadilan Sejahtera (PKS). Lantaran berada dalam posisi yang berpengaruh, pria yang akrab disapa Aher itu yakin dirinya berpotensi terpilih menjadi calon orang yang menduduki kursi RI 1 dari PKS.

""Saya bagian dari lima orang itu yang berpotensial karena posisi ada di tengah. Saya menjalankan tugas di Jawa Barat (sebagai Gubernur) dan disini juga (sebagai anggota Majelis Syuro) dan saya siap berkompetisi,"" ujar Aher kepada wartawan di kantor DPP PKS, TB Simatupang No. 82, Jakarta Selatan, Sabtu (1/4).

Meski tampak percaya diri, diakui Aher hingga kini dirinya belum mempersiapkan segala sesuatunya untuk memasuki bursa pemilihan calon Presiden RI.

""Persiapan biasa saja baru diperkenalkan ke media dan sekarang sedang digodok progres kedepannya. Kesiapannya masih berkembang karena belum terputuskan siapa yang akan terpilih nanti,"" ucap pasangan Deddy Mizwar tersebut.

Untuk diketahui, saat ini PKS mengusung lima nama yang akan dicalonkan untuk mengikuti bursa pemilihan kursi orang nomor 1 di Tanah Air pada pemilihan umum yang rencananya akan digelar pada Bulan April 2014 mendatang.

Kelimanya yakni, Hidayat Nur Wahid, Tifatul Sembiring, Ahmad Heryawan, Anis Matta dan Nur Mahmudi."
http://www.merdeka.com/politik/pendukung-gita-minta-kasus-impor-beras-vietnam-diusut-tuntas.html,"Punya 2 jabatan, Aher yakin dipilih jadi Capres PKS","Merdeka.com - Nama Gubernur Jawa Barat Ahmad Heryawan merupakan satu dari lima nama calon presiden (capres) yang diusung Partai Keadilan Sejahtera (PKS). Lantaran berada dalam posisi yang berpengaruh, pria yang akrab disapa Aher itu yakin dirinya berpotensi terpilih menjadi calon orang yang menduduki kursi RI 1 dari PKS.

""Saya bagian dari lima orang itu yang berpotensial karena posisi ada di tengah. Saya menjalankan tugas di Jawa Barat (sebagai Gubernur) dan disini juga (sebagai anggota Majelis Syuro) dan saya siap berkompetisi,"" ujar Aher kepada wartawan di kantor DPP PKS, TB Simatupang No. 82, Jakarta Selatan, Sabtu (1/4).

Meski tampak percaya diri, diakui Aher hingga kini dirinya belum mempersiapkan segala sesuatunya untuk memasuki bursa pemilihan calon Presiden RI.

""Persiapan biasa saja baru diperkenalkan ke media dan sekarang sedang digodok progres kedepannya. Kesiapannya masih berkembang karena belum terputuskan siapa yang akan terpilih nanti,"" ucap pasangan Deddy Mizwar tersebut.

Untuk diketahui, saat ini PKS mengusung lima nama yang akan dicalonkan untuk mengikuti bursa pemilihan kursi orang nomor 1 di Tanah Air pada pemilihan umum yang rencananya akan digelar pada Bulan April 2014 mendatang.

Kelimanya yakni, Hidayat Nur Wahid, Tifatul Sembiring, Ahmad Heryawan, Anis Matta dan Nur Mahmudi."
http://www.merdeka.com/politik/gita-wirjawan-dinilai-tak-membumi.html,"Gita Wirjawan dinilai tak membumi","Merdeka.com - Gita Wirjawan menyatakan mundur sebagai Menteri Perdagangan dan akan fokus mengikuti konvensi Capres Partai Demokrat. Peneliti Lembaga Ilmu Pengetahuan Indonesia (LIPI), Siti Zuhro menilai Gita tak akan berhasil.

Popularitas pria lulusan Universitas Harvard pada tingkat masyarakat lapisan bawah dan di daerah kurang dikenal. Belum lagi soal waktu yang tersisa untuk menentukan Capres dalam pemilihan presiden (Pilpres) 2014 yang tinggal menghitung bulan lagi.

""Masalahnya dia membumi enggak, bisa enggak merebut simpati rakyat dalam tempo yang seperti ini,"" kata Zuhro usai mengisi acara survei tentang &#039;Elektabilitas Versus Kapabilitas&#039; yang digelar di Warung Daun, Cikini, Jakarta, Sabtu (1/2).

Menurutnya, langkah yang ditempuh oleh mantan kepala Badan Koordinasi Penanaman Modal (BKPM) ini murni merupakan pertimbangan yang sangat politis. Sehingga nampak bahwa niatan Gita Wirjawan menjadi Capres telah bulat.

""Bisa jadi Pak Gita punya hitung-itungan politik. Dalam hal ini kan dia pengen jadi Capres,"" tuturnya.

Dia mengatakan, bahwa sosok tokoh yang pernah menduduki jabatan sebagai eksekutif seperti Gubernur, Bupati atau Walikota memiliki peluang lebih baik ketimbang dari kalangan legislatif.

""Orang yang duduk di eksekutif lebih memiliki pesona bagi publik, paling tidak terbukti, makanya tingkat elektabilitas tinggi,"" pungkasnya."
http://www.merdeka.com/politik/survei-peluang-demokrat-dan-golkar-menang-pilpres-kecil.html,"Survei: Peluang Demokrat dan Golkar menang Pilpres kecil","Merdeka.com - Partai Golkar dan Partai Demokrat memiliki peluang kecil untuk memenangkan pemilihan presiden (Pilpres) 2014. Sebab, Golkar memiliki capres yang elektabilitasnya rendah.

Demikian juga dengan Demokrat. Meski belum memutuskan siapa capres yang akan diusungnya, para peserta Konvensi Demokrat tak memiliki elektabilitas yang tinggi.

""Sementara Golkar dan Demokrat sebagai dua partai besar peluangnya relatif kecil untuk bisa memenangkan Pilpres 2014,"" kata peneliti IRC Yunita Mandolang dalam rilis hasil survei tentang &#039;Elektabilitas Versus Kapabilitas&#039; yang digelar di Warung Daun, Cikini, Jakarta, Sabtu (1/2).

Sementara elektabilitas capres teratas ditempati oleh Jokowi dengan 31 persen, Prabowo 14 persen, Wiranto 13,6 persen, Aburizal Bakrie 6 persen, Megawati 4,7 persen, Jusuf Kalla 4,4 persen, Dahlan Iskan 4,1 persen, Surya Paloh 3,5 persen dan Mahfud MD 2,7 persen.

Yunita mengatakan, meski memiliki peluang kecil memenangkan Pilpres, Partai Demokrat bisa menepisnya karena saat ini tengah menggelar Konvensi internal Capres. Dalam rilis IRC nama salah satu peserta Konvensi Dahlan Iskan memiliki elektabilitas 4,1 persen.

Tetapi partai Golkar yang mengusung Aburizal Bakrie tetap memiliki elektabilitas sebesar 6 persen.

""Mengingat tokoh-tokoh yang dijual elektabilitasnya sangat rendah. Ada kemungkinan salah satu hasil Konvensi Partai Demokrat memiliki peluang lebih besar,"" tegas Yunita.

Survei dilakukan pada 23 Desember hingga 14 Januari 2013 di seluruh provinsi di Indonesia dengan jumlah responden 1.400 dengan menggunakan metode multistage random sampling. Margin of error sebesar 2,6 persen dan tingkat kepercayaan 95 persen."
http://www.merdeka.com/politik/survei-ical-paling-tak-punya-kapabilitas-di-antara-ketum-parpol.html,"Survei: Peluang Demokrat dan Golkar menang Pilpres kecil","Merdeka.com - Partai Golkar dan Partai Demokrat memiliki peluang kecil untuk memenangkan pemilihan presiden (Pilpres) 2014. Sebab, Golkar memiliki capres yang elektabilitasnya rendah.

Demikian juga dengan Demokrat. Meski belum memutuskan siapa capres yang akan diusungnya, para peserta Konvensi Demokrat tak memiliki elektabilitas yang tinggi.

""Sementara Golkar dan Demokrat sebagai dua partai besar peluangnya relatif kecil untuk bisa memenangkan Pilpres 2014,"" kata peneliti IRC Yunita Mandolang dalam rilis hasil survei tentang &#039;Elektabilitas Versus Kapabilitas&#039; yang digelar di Warung Daun, Cikini, Jakarta, Sabtu (1/2).

Sementara elektabilitas capres teratas ditempati oleh Jokowi dengan 31 persen, Prabowo 14 persen, Wiranto 13,6 persen, Aburizal Bakrie 6 persen, Megawati 4,7 persen, Jusuf Kalla 4,4 persen, Dahlan Iskan 4,1 persen, Surya Paloh 3,5 persen dan Mahfud MD 2,7 persen.

Yunita mengatakan, meski memiliki peluang kecil memenangkan Pilpres, Partai Demokrat bisa menepisnya karena saat ini tengah menggelar Konvensi internal Capres. Dalam rilis IRC nama salah satu peserta Konvensi Dahlan Iskan memiliki elektabilitas 4,1 persen.

Tetapi partai Golkar yang mengusung Aburizal Bakrie tetap memiliki elektabilitas sebesar 6 persen.

""Mengingat tokoh-tokoh yang dijual elektabilitasnya sangat rendah. Ada kemungkinan salah satu hasil Konvensi Partai Demokrat memiliki peluang lebih besar,"" tegas Yunita.

Survei dilakukan pada 23 Desember hingga 14 Januari 2013 di seluruh provinsi di Indonesia dengan jumlah responden 1.400 dengan menggunakan metode multistage random sampling. Margin of error sebesar 2,6 persen dan tingkat kepercayaan 95 persen."
http://www.merdeka.com/politik/rayakan-imlek-prabowo-subianto-jamu-ahok-di-rumahnya.html,"Survei: Peluang Demokrat dan Golkar menang Pilpres kecil","Merdeka.com - Partai Golkar dan Partai Demokrat memiliki peluang kecil untuk memenangkan pemilihan presiden (Pilpres) 2014. Sebab, Golkar memiliki capres yang elektabilitasnya rendah.

Demikian juga dengan Demokrat. Meski belum memutuskan siapa capres yang akan diusungnya, para peserta Konvensi Demokrat tak memiliki elektabilitas yang tinggi.

""Sementara Golkar dan Demokrat sebagai dua partai besar peluangnya relatif kecil untuk bisa memenangkan Pilpres 2014,"" kata peneliti IRC Yunita Mandolang dalam rilis hasil survei tentang &#039;Elektabilitas Versus Kapabilitas&#039; yang digelar di Warung Daun, Cikini, Jakarta, Sabtu (1/2).

Sementara elektabilitas capres teratas ditempati oleh Jokowi dengan 31 persen, Prabowo 14 persen, Wiranto 13,6 persen, Aburizal Bakrie 6 persen, Megawati 4,7 persen, Jusuf Kalla 4,4 persen, Dahlan Iskan 4,1 persen, Surya Paloh 3,5 persen dan Mahfud MD 2,7 persen.

Yunita mengatakan, meski memiliki peluang kecil memenangkan Pilpres, Partai Demokrat bisa menepisnya karena saat ini tengah menggelar Konvensi internal Capres. Dalam rilis IRC nama salah satu peserta Konvensi Dahlan Iskan memiliki elektabilitas 4,1 persen.

Tetapi partai Golkar yang mengusung Aburizal Bakrie tetap memiliki elektabilitas sebesar 6 persen.

""Mengingat tokoh-tokoh yang dijual elektabilitasnya sangat rendah. Ada kemungkinan salah satu hasil Konvensi Partai Demokrat memiliki peluang lebih besar,"" tegas Yunita.

Survei dilakukan pada 23 Desember hingga 14 Januari 2013 di seluruh provinsi di Indonesia dengan jumlah responden 1.400 dengan menggunakan metode multistage random sampling. Margin of error sebesar 2,6 persen dan tingkat kepercayaan 95 persen."
http://www.merdeka.com/politik/tifatul-takut-poligami-anis-matta-bikin-pemilih-perempuan-kabur.html,"Tifatul takut poligami Anis Matta bikin pemilih perempuan kabur","Merdeka.com - Majelis Syuro Partai Keadilan Sejahtera (PKS) menggelar rapat membahas hasil pemilihan raya (pemira) capres PKS. Salah satu kandidatnya adalah Presiden PKS Anis Matta.

Namun, kekhawatiran datang dari anggota Majelis Syuro PKS, Tifatul Sembiring, jika nantinya Anis Matta yang terpilih. Menkominfo itu khawatir isu poligami Anis Matta akan membuat kabur para pemilih perempuan.

""Isu-isu standar dan melenceng (poligami) itu tidak bagus diisukan, nanti pemilih perempuan pada kabur,"" ungkap Tifatul di DPP PKS, Jalan TB Simatupang No 82, Jakarta Selatan, Sabtu (1/2).

Sejurus dengan hal tersebut, Tifatul mengecam adanya kader PKS lainnya yang melakoni poligami.

""Tidak setuju (poligami). Cukup satu saja sama yang di rumah,"" pungkasnya."
http://www.merdeka.com/politik/marzuki-gita-mundur-agar-elektabilitasnya-meningkat.html,"Marzuki: Gita mundur agar elektabilitasnya meningkat","Merdeka.com - Peserta Konvensi Capres Partai Demokrat Marzuki Alie menyambut positif mundurnya Gita Wirjawan dari kursi menteri perdagangan. Menurut dia, Gita mundur agar persoalan di Kementerian Perdagangan tertangani dengan baik.

""Pak Gita ingin fokus dalam konvensi supaya elektabilitasnya meningkat, tanpa fokus sulit berhasil. Apalagi ada 11 kandidat yang semuanya mempunyai kredibilitas dan track record yang bagus, termasuk Dahlan yang punya media besar sangat sulit untuk dilawan tanpa fokus ikut konvensi,"" ujar Marzuki saat menghadiri Haul ke 88 PBNU di kantor PBNU, Jakarta, Jumat (31/1).

Dia menilai, mundurnya Gita juga membuat persoalan yang sedang melanda Kementerian Perdagangan dapat ditangani dengan baik. Sehingga Gita, kata dia, hanya fokus memberikan perhatian kepada konvensi.

""Kedua, kita apresiasi Pak Gita, manakala konvensi sedang pada tahap puncak, tinggal 2 bulan lagi. Ada persoalan-persoalan di Kemendag, ada impor gula, persoalan beras Vietnam ilegal ini kan ditangani serius,"" terang dia.

""Nah kalau ditangani serius, otomatis Pak Gita enggak bisa mencurahkan pikirannya untuk konvensi. Sehingga mengambil keputusan ini menurut saya, tepat dan kita patut apresiasi terhadap langkah tersebut,"" imbuhnya.

Wakil Ketua Majelis Tinggi Partai Demokrat ini pun tak sependapat jika Gita mundur karena ingin lari dari tanggungjawab persoalan di Kemendag. Yang jelas, dia mengapresiasi keputusan mundur Gita.

""Saya kira beliau tahu persis mana pilihan yang terbaik. Menurut saya, kita wajib apresiasi keputusan Pak Gita,"" ujarnya."
http://www.merdeka.com/politik/ikut-konvensi-demokrat-marzuki-ogah-mundur-seperti-gita.html,"Ikut konvensi Demokrat, Marzuki ogah mundur seperti Gita","Merdeka.com - Peserta Konvensi Capres Partai Demokrat Marzuki Alie tak mau ikut-ikutan mundur seperti Gita Wirjawan untuk bisa fokus konvensi. Menurut dia, tugas DPR berbeda dengan pemerintah yang harus mengurusi banyak persoalan.

""DPR itu enggak ada kerja eksekutif, mengeksekusi suatu program, mengurusi tender, membuat izin, menandatangani izin, kemudian mengevaluasi, dan sebagainya,"" ujar Marzuki saat menghadiri Harlah PBNU ke-88 di Kantor PBNU, Jakarta, Jumat (31/1).

Dia meyakini tugas DPR tak berbeda jauh dengan proses konvensi yaitu kerja politik untuk bertemu dan menyapa masyarakat. Karena itu, dia yakin keikutsertaannya sebagai peserta konvensi tak mengganggu kinerjanya menjadi Ketua DPR.

""Nah DPR ini kan tugasnya, kerja politik, bertemu rakyat, sebagai legislator, apalagi saya jubir DPR, kan bisa sekali dayung. Artinya manakala saya sosialisasi dengan tugas saya jubir DPR, kan orang akan tahu juga saya sebagai peserta konvensi. Walaupun saya tidak bicara,"" ujar dia.

Apalagi proses konvensi banyak menyita waktu untuk menyapa masyarakat. Jika bekerja di eksekutif, kata dia, akan banyak meninggalkan acara-acara penting di konvensi.

""Kontesnya beda DPR dan pemerintah. Kalau pemerintah memang kalau ada hal yang harus diputuskan secara harian, itu memang sangat mengganggu. Dan Pak Gita tak bisa ikuti acara di Palembang, dan seperti Pak Sarudajang kan waktu di Palembang enggak ikut, karena ada banjir di Manado,"" kata dia.

""Kalau DPR, tugas kita kan legislasi, masalah budgeting sudah selesai, lalu pengawasan ada komisi, jadi legislasi dikerjakan oleh komisi dan oleh pansus. Tugas pimpinan apa? Ya memang ke rakyat, bersosialisasi, beri ceramah, ikut acara protokoler, tidak akan ada konflik di sana,"" katanya."
http://www.merdeka.com/politik/pks-percaya-diri-akan-munculkan-capres-sendiri.html,"PKS percaya diri akan munculkan capres sendiri","Merdeka.com - Partai Keadilan Sejahtera (PKS) percaya diri akan segera mengumumkan calon presiden untuk bertarung dalam Pilpres 2014. Saat ini ada lima nama yang tengah digodok oleh Majelis Syuro PKS.

""Dan sekali lagi kita Majelis Syuro sudah bulat soal pencapresan akan kita majukan meskipun penentuannya nanti akan terjadi setelah pileg,"" kata politikus PKS Ahmad Heryawan usai Musyawarah Nasional di DPP PKS Jakarta, Jumat (31/1).

Lima capres berdasarkan Pemira PKS adalah Anis Matta, Hidayat Nur Wahid, Ahmad Heryawan, Tifatul Sembiring, dan Nur Mahmudi Ismail. Kelima nama itu akan dikerucutkan menjadi satu atau tiga nama.

""Yang jelas pasti keputusannya mengubah dari lima jadi perubahan yang lebih mengerucut,"" ujarnya.

Meski saat ini percaya diri akan mengajukan calon presiden sendiri, PKS tetap menunggu konstelasi politik setelah pileg. Karena, untuk memajukan capres membutuhkan 20 persen suara.

""Tapi lontaran-lontaran saja yang jelas semua anggota Majelis Syuro mendorong pencapresan ini sebagai kontribusi PKS untuk kemajuan bangsa,"" katanya."
http://www.merdeka.com/politik/masih-ada-habibie-icmi-tak-khawatir-dimanfaatkan-para-capres.html,"Masih ada Habibie, ICMI tak khawatir dimanfaatkan para capres","Merdeka.com - Beberapa calon presiden (capres) pada Pemilu 2014 tercatat dari anggota Ikatan Cendekiawan Muslim Indonesian (ICMI). Sebut saja Wiranto, Prabowo Subianto, Aburizal Bakrie dan Hatta Rajasa.

Banyaknya calon presiden ini dalam ICMI tentu bisa berakibat buruk bagi ICMI karena bisa dimanfaatkan sebagai kendaraan kampanye. Namun, anggapan tersebut dibantah mentah-mentah.

""Komitmen bulat ICMI melepas jubah politik dalam ICMI dan menerapkan politik luhur,"" sanggah Ketua Presidium ICMI Priyo Budi Santoso kepada wartawan di kediaman Habibie, Jakarta, Jumat (31/1).

Hal sama juga diutarakan Ketua Dewan Penasihat ICMI, Jimly Asshiddiqie. ""Ya enggak apa-apa (jadi sarana kampanye) tapi kan bukan buat satu golongan doang. Itulah pentingnya Ketua Dewan Kehormatan Pak Habibie menjadi perekat semua,"" jelas Ketua DKPP ini.

Hari ini petinggi Ikatan Cendekiawan Muslim Indonesia (ICMI) menyambangi rumah mantan Presiden ketiga RI, B.J Habibie di Jalan Patra Kuningan XIII No 5, Jakarta Pusat. Mereka terdiri dari Priyo Budi Santoso selaku Ketua Presidium ICMI, Jimmly Asshiddiqie menjabat Dewan Penasehat ICMI, Adi Sasono selaku Sekjen.

Pertemuan ini mengagendakan berbagai program lanjutan yang digagas pendiri ICMI BJ Habibie, seperti insan cendekiawan. Konstalasi politik di 2014 pun tak luput dari pembicaraan para cendekiawan itu."
http://www.merdeka.com/politik/ppp-duga-gita-mundur-dari-mendag-karena-karut-marut-impor-beras.html,"PPP duga Gita mundur dari Mendag karena karut marut impor beras","Merdeka.com - Sekjen Partai Persatuan Pembangunan (PPP) Romahurmuziy mengatakan mundurnya Gita Wirjawan sebagai Menteri Perdagangan tak bisa lepas dari karut marut persoalan di Kementerian Perdagangan (Kemendag). Salah satu persoalan yang menjadi sorotan adalah soal karut marut tata niaga perdagangan internasional yang saat ini dibanjiri oleh produk impor. 

""Semua tata niaga karut marut dan pasar dalam negeri dibanjiri produk impor karena menterinya pro produk impor. Makanya kami mengharapkan agar dalam mencari penggantinya, SBY harus memilih figur yang pro produk dalam negeri,"" ujar politisi yang kerap disapa Romi saat dihubungi, Jumat (31/1).

Romi menilai Gita selama ini lebih banyak menggunakan iklan saja sebagai slogan, jargon dan semboyan dalam penggunaan produk dalam negeri dan cinta produk dalam negeri. Faktanya, justru Indonesia banyak melakukan impor di sektor perdagangan.

""Penggantinya jangan hanya berhenti di slogan atau semboyan dalam rangka kepentingan iklan, namun harus betul-betul memiliki keberpihakan yang afirmatif terhadap produk domestik,"" imbuhnya.

Romi juga tidak percaya kalau Gita mundur karena ingin fokus mengikuti konvensi Demokrat. ""Kalau memang konvensi menjadi penyebabnya, mestinya sejak awal konvensi dilakukan. Saya lebih melihatnya karena karut marut tadi,"" sebut Ketua Komisi IV DPR ini.

Ditambah lagi, lanjut Romi, persoalan impor beras Vietnam jenis medium yang sekarang menjadi kasus di Kementerian Perdagangan. Dia menjelaskan kasus ini terjadi dimulai dari pengubahan dalam bentuk penyamaan nomor kode HS antara beras premium dan medium menunjukkan bahwa penyelundupan itu sudah direncanakan sistematis.

""Karena sejak 2008 beras medium terlarang diimpor kecuali oleh Bulog, maka SPI impor beras medium yang terbit kepada swasta oleh Kemendag terindikasi kongkalikong. Patut diduga ini tidak lepas dari upaya fund raising pihak-pihak tertentu untuk kepentingan 2014. Untuk itu Polri harus segera memproses indikasi penyelundupan ini sampai tuntas,"" pungkasnya."
http://www.merdeka.com/politik/pramono-edhie-pemimpin-jangan-hanya-retorika.html,"Pramono Edhie: Pemimpin jangan hanya retorika","Merdeka.com - Peserta Konvensi Partai Demokrat, Pramono Edhie Wibowo berharap calon presiden ke depan harus memiliki pengetahuan luas. Capres juga harus mengetahui permasalahan seluruh Indonesia dari sabang sampai merauke.

""Seorang pemimpin itu harus tahu wilayahnya. Jangan hanya retorika,"" kata Pramono dalam dialog nasional bertajuk ""Mencari Calon Pemimpin Nasional"" di Universitas Negeri Jakarta (UNJ), Kamis (30/1).

Selain mengenal wilayah, seorang pemimpin juga harus mengenal identitas akar budaya sendiri. Sebab, saat ini bangsa Indonesia sudah kehilangan akar budayanya sendiri.

""Sekarang kita lihat, bangsa kita lebih bangga mengelu-elukan budaya luar. Budaya barat. Kalau ketemu orang bule, langsung minder,"" ujarnya.

Untuk itu, seorang yang ingin menjadi presiden harus kembali belajar dasar negara Indonesia. Menurutnya, budaya Indonesia tidak kalah dengan budaya luar.

""Untuk mengembalikan kepercayaan diri mengenai budaya Indonesia itu, menurutnya pemimpin harus mengingatkan kembali mengenai dasar negara, yakni Pancasila dan UUD 1945,"" ujarnya."
http://www.merdeka.com/politik/elite-demokrat-minta-pasek-tak-terus-serang-syarief-hasan.html,"Elite Demokrat minta Pasek tak terus serang Syarief Hasan","Merdeka.com - Wakil Ketua Umum Partai Demokrat Nurhayati Ali Assegaf tak mau ikut campur perseteruan antara Gede Pasek Suardika dengan Ketua Harian Partai Demokrat Syarief Hasan . Pasek sebelumnya menyebut Syarief tak mampu memimpin partai dan diminta mundur sebagai ketua harian.

""Saya hargai Pak Pasek menempuh jalur hukum, tetapi Pak Pasek juga menghargai DPP Partai Demokrat yang juga ada mekanismenya. Mari sama-sama kita hargai,"" kata Nurhayati di Gedung DPR , Jakarta, Kamis (30/1).

Menurut dia, persoalan antara Pasek dan Syarief Hasan sebaiknya diselesaikan secara individu. Karena itu, dia meminta agar Pasek menghargai posisi Syarief Hasan .

""Kalau ada ketidakcocokan satu dengan yang lain biarkan diselesaikan individu,"" katanya.

Perseteruan muncul setelah Pasek didepak dari DPR . Tak terima, Pasek mengancam akan melakukan somasi karena pemecatan dirinya dari anggota DPR menyalahi aturan."
http://www.merdeka.com/politik/pasek-nilai-syarief-hasan-gagal-mewakili-sby-di-demokrat.html,"Pasek nilai Syarief Hasan gagal mewakili SBY di Demokrat","Merdeka.com - Politikus Partai Demokrat Gede Pasek Suardika geram dengan pemecatan terhadap dirinya yang dilakukan oleh Ketua Harian Syarief Hasan. Bahkan dia meminta agar Syarief mundur dari jabatan karena tak mampu lagi mengelola Demokrat dengan baik.

Pasek menilai, Syarief tak mampu mewakili Susilo Bambang Yudhoyono (SBY) sebagai ketua umum. Apalagi, Pasek mendengar komentar Syarief tentang pemecatan dirinya yang dianggap sepele.

""Katanya sih soal kecil, masalah teknis, urusan kecil saja enggak beres apalagi urusan strategis, makanya kapasitasnya memang lebih baik Pak Syarief fokus mengatasi masalah di Kemenkop UKM, sudah gagal dia (jadi ketua harian). Diganti dicari yang lebih punya kemampuan berorganisasi banyak kok,"" ujar Pasek di Gedung DPR, Jakarta, Kamis (30/1).

Dia menjelaskan, Syarief telah gagal menjabat sebagai wakil SBY di partai. Karena itu, Pasek meminta agar Syarief Hasan fokus mengurus banyaknya kasus korupsi di kementerian yang dia pimpin ketimbang harus mengurus partai.

""Gagal menerjemahkan kebijakan Pak SBY, ini salah menerjemahkan. Makanya lebih baik konsen saja terhadap berbagai masalah Kemenkop UKM yang sekarang sudah ditangani kejati DKI, itu masalah serius itu,"" tegas Pasek.

Menurut dia, banyak indikator yang menunjukkan kegagalan seorang Syarief memimpin Demokrat. Salah satunya survei Demokrat yang terus merosot jelang Pemilu 2014.

""Survei kan turun, organisasi kacau balau orang dipecat enggak sesuai prosedur. Tanda tangan katanya soal kecil, teknis, nyatanya yang kecil saja enggak mampu, bagaimana yang teknis kan kasihan lembaga dan teman-teman daerah yang nyaleg, DPD, DPC dipecatin semua tanpa prosedur,"" tutur dia.

Dia menambahkan, SBY yang berhak memecat Syarief Hasan tanpa harus meminta persetujuan petinggi partai. Sebab, kata dia, penunjukkan Syarief dilakukan oleh SBY tanpa melalui mekanisme KLB.

""Tinggal dicopot saja, dia kan bukan hasil KLB, bisa diganti oleh Pak SBY, karena sudah gagal,"" pungkasnya.

Diberitakan sebelumnya, surat pemecatan Gede Pasek dari anggota DPR dikembalikan oleh pimpinan DPR. Dengan alasan, surat tersebut tidak sah karena ditanda tangani oleh Ketua Harian Syarief Hasan bukan ketua umum SBY.

Karena berdasarkan UU MD3, yang berhak memecat seorang anggota DPR adalah ketua umum partai. Bukan yang mewakili sesuai dengan aturan partai."
http://www.merdeka.com/politik/presiden-sby-mudah-mudahan-janji-capres-terbukti-semua.html,"Presiden SBY: Mudah-mudahan janji capres terbukti semua","Merdeka.com - Presiden Susilo Bambang Yudhoyono mengatakan, saat ini telah banyak kampanye dilakukan para capres yang akan maju dalam Pemilu 2014. SBY berkomentar banyak dari iklan-iklan kampanye tersebut berisi janji luar biasa dari para capres.

""Kebetulan ini musim pemilu, sudah mulai kampanye antar parpol, capres, hangat, dinamis, dan itu baik. Malah kalau tidak ada yang ingin jadi presiden, susah kita. Dengan banyaknya parpol, iklan, baliho, janji-janji yang luar biasa, mudah-mudahan terbukti semua,"" ujar SBY saat peluncuran Buku Proyeksi Penduduk Indonesia 2010-2035, di Istana Negara, Jakarta, Rabu (29/1).

SBY kemudian berpesan agar para capres nanti jika berdebat menggunakan data. Pasalnya, dia pernah melihat calon gubernur saat berdebat tidak menggunakan data.

""Saya hanya ingin sampaikan sebagai seorang yang hampir jatuh tempo para Gubernur dan sebagainya ketika berkampanye menyampaikan kepada rakyat gunakan data jangan sampai ada yang berdebat 2 jam sepuluh-puluhnya tidak menggunakan data,"" ujarnya.

SBY juga mengajak rakyat Indonesia untuk jeli memilih para capres yang kuat menggunakan data. ""Saya mengajak rakyat Indonesia ciri-ciri masyarakat maju memiliki knowledge, common sense dan kuat dalam hal data. Contoh jika dalam 9 tahun ini ekonomi kita tumbuh dan tinggi dibanding antara yang lain maka dari sudut manapun kualitatif dan kuantitatif maka tumbuh ekonomi itu,"" ujarnya.

""Kemiskinan dalam bentangan 9 tahun itu turun datanya begitu faktanya begitu yang mengukur BPS, World Bank, IMF kalau ada yang mengatakan harusnya lebih tinggi dan kemiskinan turun lebih rendah dan itu bisa didiskusikan tapi datanya sama dulu,"" papar SBY lagi."
http://www.merdeka.com/politik/minim-jam-terbang-gita-wirjawan-diragukan-untuk-nyapres.html,"Minim jam terbang, Gita Wirjawan diragukan untuk nyapres","Merdeka.com - Pengamat politik Lembaga Ilmu Pengetahuan Indonesia (LIPI), Siti Zuhro menilai, elektabilitas Gita Wirjawan tidak terlalu signifikan untuk bisa memenangkannya di Konvensi Partai Demokrat. Dia menilai Gita masih minim jam terbang.

""Saya selalu mengatakan menjadi pemimpin nasional seharusnya benar-benar harus bottom-up. Artinya apa, tidak bisa melompat-lompat. Ini kan bukan pemilu untuk ketua RT. Untuk jadi bagaimana menghitung elektabilitas yang di dalamnya memang harus turun ke masyarakat,"" kata Zuhro di acara &#039;Media Rilis Survei Capres 2014: Elektabilitas Versus Kapabilitas,&#039; di Warung Daun, Cikini, Jakarta Pusat, Sabtu (1/2).

Zuhro mengatakan, mengenai integritas, Gita memang tidak diragukan lagi. Sebab, selama ini posisi yang ditempatinya selalu strategis.

Namun, jika melihat para pemilih yang sebagian berada di daerah, Gita akan mengalami kesulitan. Sebab selama ini Gita lebih dikenal di tingkatan pengusaha dan elite.

""Hanya masyarakat itu tidak kenal, itu masalahnya. 60 persen masyarakat kita itu di daerah dan dia tidak pernah menjamah itu. Kalau elite mungkin ya dunia bisnis, dunia perdagangan internasional, ekonomi kenal, itu pun elitis,"" katanya.

Sebelumnya, Gita Wirjawan mundur dari posisi Menteri Perdagangan karena ingin fokus mengikuti Konvensi Demokrat."
http://www.merdeka.com/politik/kisah-sby-dimusuhi-ulama-yang-pingin-jadi-cawapres.html,"Kisah SBY dimusuhi ulama yang ngebet jadi cawapres","Merdeka.com - Presiden Susilo Bambang Yudhoyono ( SBY ) banyak bercerita soal apa yang dialaminya dalam buku &#039;SBY Selalu Ada Pilihan.&#039; Salah satunya soal proses politik dirinya terpilih menjadi Presiden RI pada 2004.

5 April 2004 diakui SBY sebagai salah satu hari bersejarah untuknya. Hari itu adalah pelaksanaan Pemilu Legislatif 2004. Usai hasil hitung cepat (quick count) diumumkan, Partai Demokrat yang saat itu baru berumur jagung ternyata berhasil lolos parliementary threshold dengan perolehan suara 7,5 persen.

Kediaman SBY di Cikeas pun ramai kedatangan para tamu. Salah satunya adalah seorang tokoh yang sangat dihormati SBY . Orang itu datang untuk mengajak SBY maju mendampinginya sebagai cawapres di Pilpres 2004.

""Saya tidak menyangka sama sekali kalau saya diajak bicara tentang pasangan capres-cawapres 2004 itu. Terus terang saya belum siap. Terlalu dini. Dengan sopan dan hati-hati saya katakan bahwa barangkali terlalu awal untuk bicara seperti itu. Lebih baik kita lanjutkan komunikasi berikutnya. Demikian jawaban saya,"" kata SBY dalam bukunya.

Ternyata tak hanya itu, keesokan harinya yakni 6 April 2004, seorang &#039;ulama-politisi&#039; juga mendatangi kediaman SBY di Cikeas. Tokoh tersebut ingin menjadi cawapres jika SBY maju sebagai capres. SBY pun memberi jawaban yang sama seperti jawaban yang diberikannya kepada tamu pertamanya.

""Saya minta untuk memelihara komunikasi. Sejarah menakdirkan bahwa akhirnya saya tidak berpasangan dengan yang bersangkutan sebagai cawapre, karena saya telah memilih Pak Jusuf Kalla sebagai pasangan saya,"" kata SBY .

SBY tak menyangka hubungannya dengan &#039;ulama-politisi&#039; itu menjadi buruk karena tak dipilihnya menjadi cawapres. Yang bersangkutan menjadi berang. Sejak itu, dia menjadi sangat kritis kepada SBY , bahkan cenderung memusuhi hingga sekarang. Hal ini berbeda dengan tamu pertamanya yang tak menjadi marah karena gagal nyapres bersama SBY ."
http://www.merdeka.com/politik/5-cibiran-pada-gita-wirjawan-mundur-gara-gara-konvensi-demokrat/gita-cuma-pencitraan.html,"5 Cibiran pada Gita Wirjawan, mundur gara-gara konvensi Demokrat","Merdeka.com - Wabendum Partai Golkar Bambang Soesatyo menilai mundurnya Gita hanya sebatas mencari sensasi dan pencitraan. Dia menyebut, Gita mengikuti gurunya saat ingin menjadi capres dan mundur dari kursi menteri.

""Mengikuti gurunya, karena banyak persoalan di kementerian yang membebani rakyat seperti impor beras dan lainnya,"" kata Bambang di Kantor PP Muhammadiyah, Jakarta, Jumat (31/1).

Karena itu, dia tak ingin mengomentari banyak soal sikap mantan Kepala BKPM ini. Yang jelas, kata dia, ada dua hal yang ditunjukkan Gita dalam pengunduran dirinya.

""Pencitraan sekaligus lari dari tanggung jawab. Terakhirkan ramai impor beras dari Vietnam,"" tutur dia."
http://www.merdeka.com/politik/5-cibiran-pada-gita-wirjawan-mundur-gara-gara-konvensi-demokrat/gita-tak-punya-prestasi.html,"5 Cibiran pada Gita Wirjawan, mundur gara-gara konvensi Demokrat","Merdeka.com - Wabendum Partai Golkar Bambang Soesatyo menilai mundurnya Gita hanya sebatas mencari sensasi dan pencitraan. Dia menyebut, Gita mengikuti gurunya saat ingin menjadi capres dan mundur dari kursi menteri.

""Mengikuti gurunya, karena banyak persoalan di kementerian yang membebani rakyat seperti impor beras dan lainnya,"" kata Bambang di Kantor PP Muhammadiyah, Jakarta, Jumat (31/1).

Karena itu, dia tak ingin mengomentari banyak soal sikap mantan Kepala BKPM ini. Yang jelas, kata dia, ada dua hal yang ditunjukkan Gita dalam pengunduran dirinya.

""Pencitraan sekaligus lari dari tanggung jawab. Terakhirkan ramai impor beras dari Vietnam,"" tutur dia."
http://www.merdeka.com/politik/5-cibiran-pada-gita-wirjawan-mundur-gara-gara-konvensi-demokrat/gita-harus-tetap-diusut.html,"5 Cibiran pada Gita Wirjawan, mundur gara-gara konvensi Demokrat","Merdeka.com - Wakil Ketua Komisi IV DPR, Firman Subagyo menyatakan, kemunduran Gita Wirjawan sebagai Menteri Perdagangan tidak serta merta menghilangkan kasus impor beras Vietnam ilegal di Kementerian Perdagangan (Kemendag). Dia berharap, aparat penegak hukum terus menyelidiki kasus ini sampai ke penyidikan.

""Yah tidak bisa serta merta dong kalau mundur urusan selesai. Ini masalah hukum di mana ada pelanggaran-pelanggaran hukum impor beras dari Vietnam yang dilanggar oleh Kementerian Perdagangan yang dipimpin Gita. Aparat hukum harus tetap menyelidiki bahkan sampai ke penyidikan,"" ujar Firman saat dihubungi, Jumat (31/1).

Menurutnya, aparat hukum juga harus menyelidiki pengakuan Gita yang menyatakan surat pemberitahuan impor (SPI) rekomendasinya dikeluarkan oleh Kementerian Pertanian. Sementara Menteri Pertanian Suswono menegaskan tidak pernah mengeluarkannya.

""Ada kegiatan tidak prosedural yang diberikan kepada 58 perusahaan untuk melakukan impor tersebut, artinya ada tikus-tikus atau tangan setan di Kementerian Perdagangan yang memainkan hal ini. Gita harus bisa menjelaskan hal ini, karena ada penyalahgunaan wewenang di kementerian yang menjadi tanggung jawabnya,"" tegasnya."
http://www.merdeka.com/politik/5-cibiran-pada-gita-wirjawan-mundur-gara-gara-konvensi-demokrat/gita-cari-simpati-publik.html,"5 Cibiran pada Gita Wirjawan, mundur gara-gara konvensi Demokrat","Merdeka.com - Pengamat politik dari Charta Politika, Arya Fernandes mengaku telah mengikuti pemberitaan soal Gita Wirjawan sejak satu tahun lalu. Dia menilai mundurnya Gita bukan karena masalah impor beras ilegal yang sampai sekarang belum rampung.

""Info yang saya dapat Gita sudah mengajukan surat pengunduran diri sejak September 2013, jauh sebelum mencuatnya impor beras,"" kata Arya kepada merdeka.com, Jumat (31/1).

Menurut Arya, keputusan Gita untuk mundur merupakan sebuah keberanian. Dia menilai Gita ingin memberikan suatu kejutan kepada publik dengan cara berhenti menjadi menteri dan fokus ke rencana pencapresannya.

""Analisis saya, GW ingin memberikan kejutan di Konvensi Demokrat. Selama ini konvensi nyaris tak berhasil mendapatkan perhatian lebih dari pemilih,"" ujarnya.

Tak hanya itu, mundurnya Gita dari posisi Mendag juga dinilainya sebagai cara untuk meraih simpati publik.

""Jadi GW ingin mencari celah untuk mengambil simpati pemilih dengan memilih mundur dari menteri,"" imbuh Arya."
http://www.merdeka.com/politik/5-cibiran-pada-gita-wirjawan-mundur-gara-gara-konvensi-demokrat/disayangkan-pilih-konvensi.html,"5 Cibiran pada Gita Wirjawan, mundur gara-gara konvensi Demokrat","Merdeka.com - Mantan Ketua Mahkamah Konstitusi Jimly Asshiddiqie sebenarnya menyayangkan keputusan Gita. Menurut dia alangkah lebih bijak, jika Gita mundur dari konvensi capres Demokrat bukan mundur menjadi Menteri Perdagangan.

""Kalau dia mengundurkan diri sebagai anggota konvensi itu bagus karena dia fokus, ternyata menteri. Jadi plus minus saja, ya kita hormati saja,"" ujar Jimly usai pertemuan ICMI di kediaman Habibie, Jakarta, Jumat (31/1).

Keputusan mundur ini, menurut Jimly adalah bukan keputusan yang terlalu berlebihan. Sebab tugas Menteri Perdagangan bisa saja diambil alih oleh Menteri lainnya.

""Pengambilan keputusan bisa oleh menteri pengganti, menko atau menteri yang terkait dengan persoalannya. Jadi menurut saya tidak terlalu mengganggu pemerintahan,"" tutup Jimly."
http://www.merdeka.com/politik/lebih-bagus-gita-wirjawan-mundur-dari-konvensi-demokrat.html,"&#039;Lebih bagus Gita Wirjawan mundur dari konvensi Demokrat&#039;","Merdeka.com - Mundurnya Gita Wirjawan sebagai Menteri Perdagangan membuat kaget banyak orang. Tindakan Gita mundur dinilai tak tepat.

Mantan Ketua Mahkamah Konstitusi Jimly Asshiddiqie sebenarnya menyayangkan keputusan Gita. Menurut dia alangkah lebih bijak, jika Gita mundur dari konvensi capres Demokrat bukan mundur menjadi Menteri Perdagangan.

""Kalau dia mengundurkan diri sebagai anggota konvensi itu bagus karena dia fokus, ternyata menteri. Jadi plus minus saja, ya kita hormati saja,"" ujar Jimly usai pertemuan ICMI di kediaman Habibie, Jakarta, Jumat (31/1).

Keputusan mundur ini, menurut Jimly bukan keputusan yang terlalu berlebihan. Sebab tugas Menteri Perdagangan bisa saja diambil alih oleh Menteri lainnya.

""Pengambilan keputusan bisa oleh menteri pengganti, menko atau menteri yang terkait dengan persoalannya. Jadi menurut saya tidak terlalu mengganggu pemerintahan,"" tutup Jimly."
http://www.merdeka.com/politik/banyak-bencana-malah-urusi-partai-sby-dibela-demokrat.html,"Banyak bencana malah urusi partai, SBY dibela Demokrat","Merdeka.com - Partai Demokrat membantah jika Presiden Susilo Bambang Yudhoyono (SBY) tak peka terhadap berbagai bencana alam yang menimpa Indonesia sepekan terakhir. Demokrat menilai tak ada kaitannya lawatan itu dengan berbagai bencana karena kedatangan SBY ke Bali sebagai ketua umum Partai Demokrat untuk acara temu kader.

Juru Bicara Partai Demokrat Ikhsan Modjo menegaskan, SBY sejak minggu lalu sudah melakukan rapat kabinet terkait bencana alam dan memberikan instruksi kepada para menteri terkait, termasuk BNPB, untuk mengambil tindakan cepat. Menurut dia, secara khusus SBY meminta agar APBN senilai Rp 50 miliar untuk banjir Jakarta.

""Khusus untuk DKI, Presiden bahkan menginstruksikan bantuan langsung APBN Rp 50 miliar untuk korban banjir DKI melalui BNPB,"" jelas Ikhsan dalam siaran pers, Senin (20/1)."
http://www.merdeka.com/politik/cerita-sby-ditolak-bupati-di-bali-karena-megawati.html,"Cerita SBY &#039;ditolak&#039; bupati di Bali karena Megawati","Merdeka.com - Dalam buku &#039;Selalu Ada Pilihan&#039; yang ditulisnya, Presiden Susilo Bambang Yudhoyono ( SBY ) beberapa kali menyebut nama Megawati Soekarnoputri . Salah satunya saat SBY menuliskan apa yang dilakukan pendukung Megawati di Bali akibat kekalahan jagonya tersebut di Pilpres 2004.

Cerita berawal saat SBY menghadiri Pesta Kesenian Bali di Denpasar, beberapa bulan setelah terpilih menjadi presiden pada 2004. Dari penuturan anak buahnya Jero Wacik (sekarang Menteri ESDM), ada beberapa bupati yang tidak mau hadir dalam acara tersebut.

""Saya tersenyum. Saya tahu yang dimaksudkan Pak Wacik. Dalam setiap pemilu, termasuk pemilihan presiden memang Bali adalah basis kekuatan politik Ibu Megawati ,"" kata SBY di halaman 509, seperti dikutip merdeka.com, Minggu (19/1)."
http://www.merdeka.com/politik/sby-gelar-temu-kader-demokrat-di-bali-intel-serobot-id-jurnalis.html,"SBY gelar temu kader Demokrat di Bali, intel serobot ID jurnalis","Merdeka.com - Ada kejadian kurang mengenakkan dari temu kader wilayah Bali-NTB-NTT di Nusa Dua, Bali, Minggu (19/1). Dalam acara yang dihadiri ketua umum partai Susilo Bambang Yudhoyono itu, puluhan intel menyaru menjadi wartawan dan menyerobot tanda pengenal yang disediakan untuk jurnalis.

Akibatnya, puluhan jurnalis tidak bisa meliput pertemuan karena kartu indentitas khusus dari panitia sudah habis. ""Saya datang dua jam sebelum acara, eh ID card sudah habis,"" ujar Komang Suparta, salah satu wartawan kantor berita terkemuka.

Untuk bisa mendapatkan ID itu, puluhan intel datang media center. Kepada panitia, mereka mengaku dari jurnalis. Di daftar absen itu, mereka mengaku dari jurnalis seperti Cahaya Entertainment, Locale Bali, Pos Jawa dan masih banyak lagi.

Suparta, jurnalis bahkan sempat menginterogasi salah satu intel yang mengaku jurnalis dari Pos Jawa. Setelah didesak, jurnalis jadi-jadian itu akhirnya mengakui sebagai intel.

Mulia, salah satu panitia mengatakan hanya diberikan 24 ID card dan kemudian diletakkan begitu saja di meja media center. ""Saya hanya tahu mereka absen. dan mengambil ID,"" katanya.

Kekecewaan jurnalis bertambah setelah mereka tidak diizinkan masuk ke ruang pertemuan. ""Panitia sebelumnya mengatakan nanti bisa meliput saat tari pembukaan dan lagu Indonesia Raya. Sekarang kok dilarang,"" ujar Nyoman Wirya, jurnalis televisi nasional.

Selain SBY, acara temu kader di Bali Nusa Dua Convention Center ini juga dihadiri sejumlah petinggi partai, yaitu Syarief Hasan, Jero Wacik, Edi Baskoro Yudhoyono dan Ani Yudhoyono."
http://www.merdeka.com/politik/bertopeng-jokowi-seribuan-warga-yogya-pawai-di-malioboro.html,"Bertopeng Jokowi, seribuan warga Yogya pawai di Malioboro","Merdeka.com - Ribuan masyarakat pendukung Jokowi mendeklarasikan diri bersatu dalam Seknas (Sekretariat Nasional) Jokowi , untuk memberikan dukungan agar Jokowi diusung menjadi presiden dalam pemilu 2014 mendatang. Deklarasi tersebut digelar dengan membuat pawai yang diikuti sekitar seribu masyarakat jogja di sepanjang Malioboro, Minggu (19/01).

Dalam pawai tersebut para pendukung Jokowi mengenakan topeng dengan gambar Jokowi dan menggelar pentas kesenian di sepanjang Malioboro. Mereka juga memakai kemeja kotak-kotak.

Menurut Untoro, Presidium Seknas Jokowi DIY, gerakan ini merupakan gerakan murni dari rakyat, bukan gerakan elite. Menurutnya, Jokowi sudah merasuk dalam hati nurani rakyat Indonesia. ""Pada dasarnya ini adalah gerakan rakyat yang datang dari hati nurani rakyat, dan Jokowi sudah merasuki hati para rakyat,"" ujar dia seusai pawai di Alun-alun Utara Yogyakarta.

Untoro meminta, para pembuat kebijakan di partai sudah waktunya membuka telinga mendengarkan kemauan rakyat sebelum membuat keputusan terkait dengan Pemilu 2014.

""Rakyat sudah mengeluarkan sikap politik, kini giliran elite, apakah mereka akan memiliki sikap yang sama dengan rakyat atau tidak,"" tegasnya.

Bagi Untoro tidak masalah Jokowi nantinya akan diusung menjadi presiden dari partai mana, yang jelas baginya, rakyat menginginkan Jokowi memimpin bangsa Indonesia. ""Kami tidak urus siapa atau partai apa yang akan mengusung Jokowi , yang pasti rakyat sudah menentukan pilihan yaitu Jokowi ,"" jelasnya."
http://www.merdeka.com/politik/survei-spin-prabowo-teratas-jokowi-menghilang.html,"Survei SPIN: Prabowo teratas, Jokowi &#039;menghilang&#039;","Merdeka.com - Lembaga Survei dan Polling Indonesia (SPIN) melakukan riset tentang siapa capres idaman masyarakat di Pilpres 2014. Hasilnya, Prabowo Subianto , Aburizal Bakrie (Ical) dan Megawati di urutan teratas. Anehnya, Joko Widodo ( Jokowi ) yang selama ini unggul di beberapa survei, tak masuk dalam tiga besar.

Direktur Eksekutif SPIN, Danny Indrianto menjelaskan, Prabowo meraih suara paling besar yakni 26,5 persen, disusul oleh Ketua Umum Golkar Aburizal Bakrie sebesar 17,7 persen dan Ketua Umum PDIP Megawati Soekarnoputri sebesar 14,6 persen.

""Prabowo mendapat apresiasi yang paling baik karena dipandang lebih punya ketegasan, keberanian dan visi misi yang unggul,"" kata Danny dalam siaran pers, Minggu (19/1).

Danny memaparkan, survei SPIN bertujuan untuk melihat dan mengetahui parpol apa yang memiliki program terbaik di mata publik dan siapa Capres yang paling punya kompetensi, kualitas dan kapabilitas dalam Pilpres 2014.

Dari temuan survei SPIN, kata dia, terlihat bahwa ada beberapa kemampuan yang harus dimiliki capres yang diinginkan publik, yaitu soal pemberantasan korupsi 57,9 persen, pengentasan kemiskinan 55,2 persen, pengurangan pengangguran 54,5 persen, kedaulatan pangan 47,47 persen, energi 33,3 persen, kesehatan 32,7 persen dan pendidikan 30,4 persen.

Sedangkan faktor yang paling dipertimbangkan publik untuk memilih capres 2014, kata dia, adalah programnya yang pro rakyat, kompetensinya sebagai problem solver bangsa, dan ketegasannya dalam pengambilan keputusan, itulah yang menjadi harapan publik.

Survei dilaksanakan sejak tanggal 15 Desember 2013 sampai 10 Januari 2014 di 33 Provinsi. Jumlah sampel sebanyak 1.070 responden, diperoleh melalui teknik pencuplikan secara rambang berjenjang (multistage random sampling). Margin of error 3 persen, dan pada tingkat kepercayaan (level of confidence) sebesar 95 persen."
http://www.merdeka.com/politik/cerita-sby-sakit-dan-sedih-ketika-gagal-jadi-cawapres-mega.html,"Survei SPIN: Prabowo teratas, Jokowi &#039;menghilang&#039;","Merdeka.com - Lembaga Survei dan Polling Indonesia (SPIN) melakukan riset tentang siapa capres idaman masyarakat di Pilpres 2014. Hasilnya, Prabowo Subianto , Aburizal Bakrie (Ical) dan Megawati di urutan teratas. Anehnya, Joko Widodo ( Jokowi ) yang selama ini unggul di beberapa survei, tak masuk dalam tiga besar.

Direktur Eksekutif SPIN, Danny Indrianto menjelaskan, Prabowo meraih suara paling besar yakni 26,5 persen, disusul oleh Ketua Umum Golkar Aburizal Bakrie sebesar 17,7 persen dan Ketua Umum PDIP Megawati Soekarnoputri sebesar 14,6 persen.

""Prabowo mendapat apresiasi yang paling baik karena dipandang lebih punya ketegasan, keberanian dan visi misi yang unggul,"" kata Danny dalam siaran pers, Minggu (19/1).

Danny memaparkan, survei SPIN bertujuan untuk melihat dan mengetahui parpol apa yang memiliki program terbaik di mata publik dan siapa Capres yang paling punya kompetensi, kualitas dan kapabilitas dalam Pilpres 2014.

Dari temuan survei SPIN, kata dia, terlihat bahwa ada beberapa kemampuan yang harus dimiliki capres yang diinginkan publik, yaitu soal pemberantasan korupsi 57,9 persen, pengentasan kemiskinan 55,2 persen, pengurangan pengangguran 54,5 persen, kedaulatan pangan 47,47 persen, energi 33,3 persen, kesehatan 32,7 persen dan pendidikan 30,4 persen.

Sedangkan faktor yang paling dipertimbangkan publik untuk memilih capres 2014, kata dia, adalah programnya yang pro rakyat, kompetensinya sebagai problem solver bangsa, dan ketegasannya dalam pengambilan keputusan, itulah yang menjadi harapan publik.

Survei dilaksanakan sejak tanggal 15 Desember 2013 sampai 10 Januari 2014 di 33 Provinsi. Jumlah sampel sebanyak 1.070 responden, diperoleh melalui teknik pencuplikan secara rambang berjenjang (multistage random sampling). Margin of error 3 persen, dan pada tingkat kepercayaan (level of confidence) sebesar 95 persen."
